Question,Answer
Make 10 Question and Answer based on Bangladesh geography ,"Here are the question-answer pairs based on the provided text about Bangladesh's geography:

Q1: Where is Bangladesh located in Asia?
A1: South Asia.

Q2: What is the population of Bangladesh?
A2: Over 171 million.

Q3: How densely populated is Bangladesh?
A3: Among the most densely populated.

Q4: What are the countries that share land borders with Bangladesh?
A4: India to the north, west, and east, Myanmar to the southeast, Bhutan and Nepal by the Siliguri Corridor, and China through Sikkim to its north.

Q5: Which body of water does Bangladesh have a coastline along?
A5: The Bay of Bengal.

Q6: What is the capital and largest city of Bangladesh?
A6: Dhaka.

Q7: Which city is the second-largest in Bangladesh and its busiest port?
A7: Chittagong.

Q8: How large is Bangladesh's territory?
A8: 148,460 square kilometres (57,320 sq mi).

Q9: What are the ancient dynasties that ruled the region now known as Bangladesh?
A9: Buddhist and Hindu dynasties."
